loss,step
2.1340573,100
0.78248256,200
1.0362558,300
1.1976002,400
0.7325292,500
0.4281543,600
0.83965915,700
1.3022542,800
1.0089934,900
0.3739017,1000
1.0871327,1100
1.5204556,1200
1.185181,1300
0.7050122,1400
0.7725457,1500
1.2265688,1600
0.5314331,1700
0.9827684,1800
0.8562852,1900
1.0631584,2000
0.24320205,2100
0.7104148,2200
0.57324183,2300
0.7951199,2400
0.96894425,2500
1.1218702,2600
0.24917766,2700
1.1417239,2800
0.9466884,2900
0.2532456,3000
0.83383715,3100
0.41300574,3200
0.57556856,3300
1.1224142,3400
1.1470629,3500
0.62285215,3600
0.35948882,3700
0.31585726,3800
1.179102,3900
0.35290432,4000
0.87423605,4100
0.52069765,4200
0.5859192,4300
0.4947392,4400
0.35539466,4500
0.5490785,4600
0.55223155,4700
0.50767744,4800
0.9804536,4900
0.600815,5000
0.94465363,5100
0.3471852,5200
0.41615048,5300
0.6620886,5400
0.4743356,5500
0.4349479,5600
0.73982924,5700
0.3158084,5800
0.49126947,5900
0.43922478,6000
0.43014553,6100
0.60171145,6200
0.67812455,6300
0.62732375,6400
0.90125155,6500
1.3235209,6600
0.46921423,6700
0.515247,6800
0.630648,6900
0.74398285,7000
0.803547,7100
0.45878252,7200
0.65455484,7300
0.7609933,7400
0.6413275,7500
0.29101154,7600
1.0130322,7700
0.89124006,7800
0.6286959,7900
0.38921955,8000
0.34809175,8100
1.1679736,8200
0.43550986,8300
0.5078299,8400
0.36932337,8500
0.38970622,8600
0.45189118,8700
0.7632668,8800
0.40735558,8900
0.6372173,9000
0.7249927,9100
0.45298064,9200
0.6739234,9300
0.5514945,9400
0.46596897,9500
0.77097,9600
0.35258302,9700
0.35366493,9800
0.3916507,9900
0.17518954,10000
0.2981891,10100
0.87931335,10200
0.15089175,10300
0.36914212,10400
0.6081718,10500
0.60275185,10600
0.35127786,10700
0.6086744,10800
0.3409674,10900
0.4541907,11000
0.99893385,11100
0.26302195,11200
0.74700224,11300
0.33555192,11400
0.68040687,11500
1.5767078,11600
0.285603,11700
0.3691739,11800
0.31286708,11900
0.42705643,12000
0.2891047,12100
0.36463904,12200
0.38267896,12300
0.493123,12400
0.4669404,12500
0.2872174,12600
0.5717574,12700
0.32646114,12800
0.6281013,12900
0.31477585,13000
0.20859677,13100
0.24455781,13200
0.3001651,13300
0.6439954,13400
0.55012226,13500
0.3284544,13600
1.1560612,13700
0.56943613,13800
0.5561539,13900
0.34417528,14000
0.4860876,14100
0.5035927,14200
0.38105676,14300
0.20100734,14400
0.2524788,14500
0.6634639,14600
0.5976343,14700
0.4545782,14800
0.44616517,14900
0.34397778,15000
0.8144413,15100
0.46647248,15200
0.23319374,15300
0.5669824,15400
0.3586719,15500
0.5902593,15600
0.37656733,15700
0.6667617,15800
0.17754693,15900
0.4499142,16000
0.25649354,16100
0.3820908,16200
0.31626248,16300
0.56676364,16400
0.34499782,16500
0.17972064,16600
0.59530103,16700
0.5721255,16800
0.7419305,16900
0.49598354,17000
0.431206,17100
0.46562514,17200
0.34791934,17300
0.5145374,17400
0.2939807,17500
0.6184842,17600
0.23295754,17700
0.40262827,17800
0.59331864,17900
0.13406068,18000
0.2999019,18100
0.32823452,18200
0.336832,18300
0.4553479,18400
0.28005356,18500
0.27531576,18600
0.28848496,18700
0.43799758,18800
0.4773986,18900
0.4622827,19000
0.3406791,19100
0.37680942,19200
0.4228673,19300
0.28444445,19400
0.32649097,19500
0.21509641,19600
0.32660854,19700
0.5564182,19800
0.33972067,19900
0.22945,20000
0.31075048,20100
0.22426812,20200
0.40865842,20300
0.2780038,20400
0.19140674,20500
0.402832,20600
0.36776957,20700
0.37441775,20800
0.7855143,20900
0.7308773,21000
0.42799652,21100
0.1756512,21200
0.25100654,21300
0.653328,21400
0.42916453,21500
0.39360797,21600
0.20041434,21700
0.82267386,21800
0.50199425,21900
0.21924835,22100
0.29518205,22200
0.3246129,22300
0.9845041,22400
0.36049685,22500
0.45621815,22600
0.71619093,22700
0.21762727,22800
0.27702165,22900
0.24207044,23000
0.22082748,23100
0.22453213,23200
0.22718912,23300
0.78919774,23400
0.40997535,23500
0.16267678,23600
0.2068124,23700
0.2511956,23800
0.20012851,23900
0.27959156,24000
0.3256362,24100
0.12117087,24200
0.19649293,24300
0.4502176,24400
0.07571213,24500
0.28097436,24600
0.23570624,24700
0.33557478,24800
0.30403313,24900
0.4250797,25000
0.21590646,25100
0.28250948,25200
0.2719358,25300
0.31144458,25400
0.23994996,25500
0.17795092,25600
0.20946714,25700
0.22910675,25800
0.16539985,25900
0.15170346,26000
0.30469665,26100
0.4866993,26200
0.23384517,26300
0.21254863,26400
0.35107738,26500
0.46396655,26600
0.4196396,26700
0.24782129,26800
0.26998848,26900
0.23289064,27000
0.24757728,27100
0.2590795,27200
0.15268333,27300
0.57274073,27400
0.8520724,27500
0.23319204,27600
0.202671,27700
0.44792217,27800
0.16510195,27900
0.20159724,28000
0.1768071,28100
0.24483757,28200
0.2919114,28300
0.16657495,28400
0.6637545,28500
0.36218706,28600
0.32114956,28700
0.29684487,28800
0.1881556,28900
0.14215617,29000
0.08592265,29100
0.15470499,29200
0.34369695,29300
0.50670916,29400
0.36206222,29500
0.23441151,29600
0.13699174,29700
0.28464058,29800
0.10979642,29900
0.17690952,30000
0.37952444,30100
0.26447767,30200
0.24096093,30300
0.1411856,30400
0.23977016,30500
0.20471096,30600
0.22707705,30700
0.32567468,30800
0.3511783,30900
0.13792181,31000
0.5259249,31100
0.49649516,31200
0.2514037,31300
0.20612101,31400
0.38458276,31500
0.20158067,31600
0.24503121,31700
0.2072559,31800
0.2289766,31900
0.30775282,32000
0.9181256,32100
0.20388089,32200
0.17148174,32300
0.25314295,32400
0.38849327,32500
0.17664966,32600
0.13462855,32700
0.20282689,32800
0.25024435,32900
0.16151562,33000
0.24667133,33100
0.25200325,33200
0.29669172,33300
0.25595954,33400
0.25292435,33500
0.17727844,33600
0.1983494,33700
0.16633241,33800
0.15788846,33900
0.2395336,34000
0.2096675,34100
0.17194174,34200
0.40743095,34300
0.6118171,34400
0.1647407,34500
0.2397895,34600
0.17001136,34700
0.25309792,34800
0.12604466,34900
0.26574606,35000
0.17474729,35100
0.28813592,35200
0.1676404,35300
0.19588834,35400
0.23458871,35500
0.46915263,35600
0.18435168,35700
0.14145647,35800
0.49675816,35900
0.29528403,36000
0.3455487,36100
0.12568207,36200
0.3104022,36300
0.41520628,36400
0.26125535,36500
0.44340706,36600
0.8928306,36700
0.519588,36800
0.19702202,36900
0.14312625,37000
0.3695023,37100
0.22770423,37200
0.1966646,37300
0.1772284,37400
0.12848046,37500
0.26619595,37600
0.15830654,37700
0.13559051,37800
0.34360385,37900
0.122166164,38000
0.11876343,38100
0.15625028,38200
0.1980071,38300
0.5770503,38400
0.5225592,38500
0.4577348,38600
0.35823807,38700
0.23932357,38800
0.20765877,38900
0.13389905,39000
0.4056961,39100
0.18091749,39200
0.21310195,39300
0.30718565,39400
0.20380645,39500
0.18326285,39600
0.21011585,39700
0.419836,39800
0.2503694,39900
0.13798647,40000
0.57895267,40100
0.2139201,40200
0.14213218,40300
0.167156,40400
0.23317137,40500
0.10785204,40600
0.29017943,40700
0.17919238,40800
0.1882732,40900
0.19002579,41000
0.23132597,41100
0.2662678,41200
0.27629876,41300
0.17660663,41400
0.21528666,41500
0.26154724,41600
0.25455144,41700
0.33901522,41800
0.27743003,41900
0.17044492,42000
0.21275313,42100
0.4370238,42200
0.15147434,42300
0.21344252,42400
0.13389148,42500
0.1651989,42600
0.18474628,42700
0.18141104,42800
0.14949961,42900
0.23117937,43000
0.20912473,43100
0.26795527,43200
0.19592798,43300
0.2415253,43400
0.19346392,43500
0.2915214,43600
0.2562779,43700
0.19605945,43800
0.16750988,43900
0.14795873,44100
0.24738963,44200
0.084043115,44300
0.22222859,44400
0.2290137,44500
0.16285409,44600
0.22821283,44700
0.15794899,44800
0.3361772,44900
0.22634913,45000
0.20718601,45100
0.29306826,45200
0.26614082,45300
0.27300358,45400
0.2571623,45500
0.12482527,45600
0.18922535,45700
0.15758091,45800
0.076942794,45900
0.099466465,46000
0.14106436,46100
0.20254922,46200
0.23160747,46300
0.15570907,46400
0.62835014,46500
0.22885029,46600
0.10297737,46700
0.083933234,46800
0.1529616,46900
0.18624583,47000
0.11354107,47100
0.4126222,47200
0.10739483,47300
0.30487436,47400
0.2922178,47500
0.1562783,47600
0.22889832,47700
0.17114557,47800
0.28727445,47900
0.14094168,48000
0.08631944,48100
0.25990504,48200
0.1873946,48300
0.3543131,48400
0.24212752,48500
0.15768449,48600
0.10692342,48700
0.344899,48800
0.4521438,48900
0.15763353,49000
0.16984253,49100
0.19671807,49200
0.19343914,49300
0.28626025,49400
0.37109375,49500
0.25292134,49600
0.17427483,49700
0.18211532,49800
0.12131529,49900
0.21582593,50000
0.07080172,50100
0.18428566,50200
0.16441965,50300
0.20725057,50400
0.21100266,50500
0.3587364,50600
0.18865852,50700
0.39174014,50800
0.1520749,50900
0.5099827,51000
0.3664741,51100
0.12827568,51200
0.10339474,51300
0.19091356,51400
0.17887495,51500
0.16406235,51600
0.1510633,51700
0.12644008,51800
0.13586944,51900
0.2002598,52000
0.07772268,52100
0.26832527,52200
0.103280544,52300
0.19668403,52400
0.21191359,52500
0.298944,52600
0.12510455,52700
0.11094425,52800
0.073793784,52900
0.18546315,53000
0.23799637,53100
0.09425328,53200
0.18041566,53300
0.052427858,53400
0.10879147,53500
0.18755007,53600
0.11903346,53700
0.096819505,53800
0.16742413,53900
0.48672315,54000
0.13456166,54100
0.23793638,54200
0.12325904,54300
0.2245288,54400
0.37064096,54500
0.21255499,54600
0.23808578,54700
0.111957036,54800
0.24960506,54900
0.1772919,55000
0.2474197,55100
0.15447861,55200
0.16397752,55300
0.08633097,55400
0.06927879,55500
0.18317695,55600
0.24510202,55700
0.16418128,55800
0.4350983,55900
0.13349842,56000
0.13911721,56100
0.20305182,56200
0.29531732,56300
0.1374083,56400
0.07110448,56500
0.09223549,56600
0.12756747,56700
0.28649974,56800
0.15008973,56900
0.23779157,57000
0.22091372,57100
0.24786116,57200
0.18247218,57300
0.17321964,57400
0.28959754,57500
0.21853998,57600
0.2120736,57700
0.16388354,57800
0.3457671,57900
0.301718,58000
0.17985736,58100
0.44183362,58200
0.22315969,58300
0.15430732,58400
0.25724483,58500
0.16664766,58600
0.29277533,58700
0.15914062,58800
0.25957552,58900
0.10116491,59000
0.1698682,59100
0.12923738,59200
0.11508501,59300
0.1351538,59400
0.19497608,59500
0.31195673,59600
0.14588636,59700
0.05736462,59800
0.11062265,59900
0.43270338,60000
0.06808023,60100
0.08143847,60200
0.26317948,60300
0.08947704,60400
0.11774819,60500
0.13998893,60600
0.2633669,60700
0.14912549,60800
0.20035128,60900
0.07865711,61000
0.1030013,61100
0.047783107,61200
0.20404942,61300
0.23015352,61400
0.14576206,61500
0.18179561,61600
0.10977575,61700
0.118621424,61800
0.49431455,61900
0.19706245,62000
0.1869051,62100
0.67922395,62200
0.10549007,62300
0.17288847,62400
0.2807189,62500
0.17768618,62600
0.23498783,62700
0.1672203,62800
0.16193257,62900
0.11617643,63000
0.13010475,63100
0.17874023,63200
0.13136779,63300
0.23803838,63400
0.14136451,63500
0.32366243,63600
0.29795617,63700
0.12257289,63800
0.31750238,63900
0.145226,64000
0.11506745,64100
0.11202252,64200
0.10314493,64300
0.12621664,64400
0.20480706,64500
0.3226299,64600
0.3602534,64700
0.120187834,64800
0.17889878,64900
0.18774539,65000
0.55549645,65100
0.22082521,65200
0.17000514,65300
0.20164923,65400
0.08937773,65500
0.119256094,65600
0.29998136,65700
0.3151379,65800
0.09058919,65900
0.16801801,66100
0.13558513,66200
0.23454466,66300
0.10359855,66400
0.3862834,66500
0.1396678,66600
0.1416503,66700
0.20976254,66800
0.17053571,66900
0.17912383,67000
0.10244459,67100
0.21080697,67200
0.18010885,67300
0.18223138,67400
0.35967076,67500
0.11452677,67600
0.11392676,67700
0.14213689,67800
0.07863801,67900
0.12824714,68000
0.17016232,68100
0.14005257,68200
0.17061967,68300
0.13184781,68400
0.12742648,68500
0.10663775,68600
0.19973774,68700
0.10740266,68800
0.14937116,68900
0.10801533,69000
0.09324751,69100
0.12953264,69200
0.17589441,69300
0.05148857,69400
0.14850713,69500
0.099559866,69600
0.19141528,69700
0.1872552,69800
0.21628983,69900
0.088248454,70000
0.1698267,70100
0.14558868,70200
0.4459368,70300
0.10638871,70400
0.17313002,70500
0.23789497,70600
0.1005747,70700
0.18166049,70800
0.15585546,70900
0.119355515,71000
0.09736672,71100
0.2236906,71200
0.1417767,71300
0.37487426,71400
0.17288886,71500
0.32850847,71600
0.26161644,71700
0.068257324,71800
0.25775033,71900
0.21539846,72000
0.34286126,72100
0.12286549,72200
0.3123316,72300
0.0776926,72400
0.15400326,72500
0.14560765,72600
0.2718247,72700
0.17996931,72800
0.20984684,72900
0.19685882,73000
0.20071423,73100
0.12593865,73200
0.10369421,73300
0.35443464,73400
0.074566826,73500
0.12063696,73600
0.25609744,73700
0.09437882,73800
0.30366483,73900
0.090445615,74000
0.17142282,74100
0.09850932,74200
0.09048985,74300
0.16640854,74400
0.15300398,74500
0.15918925,74600
0.11380744,74700
0.10268148,74800
0.07415896,74900
0.06611665,75000
0.23752797,75100
0.093757674,75200
0.12884249,75300
0.11953007,75400
0.082327336,75500
0.09581069,75600
0.15544794,75700
0.12529442,75800
0.11782421,75900
0.07067877,76000
0.20519698,76100
0.086584285,76200
0.22898589,76300
0.08199243,76400
0.16268627,76500
0.10867735,76600
0.54787374,76700
0.38244933,76800
0.1291644,76900
0.06592216,77000
0.21493904,77100
0.12044342,77200
0.11972524,77300
0.1993388,77400
0.19554207,77500
0.18827055,77600
0.14642206,77700
0.20542654,77800
0.11608795,77900
0.11165838,78000
0.23656464,78100
0.16681468,78200
0.32873902,78300
0.19659813,78400
0.23213512,78500
0.1092446,78600
0.21340473,78700
0.08807826,78800
0.15359703,78900
0.18810537,79000
0.30119714,79100
0.09166693,79200
0.17454694,79300
0.16814546,79400
0.21143647,79500
0.09550281,79600
0.29427737,79700
0.15978663,79800
0.19023612,79900
0.13039704,80000
0.08870504,80100
0.21850075,80200
0.081663996,80300
0.13532063,80400
0.12314104,80500
0.08352013,80600
0.36188963,80700
0.3461484,80800
0.0964094,80900
0.093532294,81000
0.32086715,81100
0.106320694,81200
0.15758418,81300
0.20933087,81400
0.07845514,81500
0.26336715,81600
0.1992546,81700
0.21925661,81800
0.059186876,81900
0.17568973,82000
0.1066989,82100
0.12916908,82200
0.08387104,82300
0.12369894,82400
0.18381608,82500
0.36372527,82600
0.14848967,82700
0.07576984,82800
0.12156276,82900
0.18334077,83000
0.18420607,83100
0.09511223,83200
0.12631673,83300
0.37642768,83400
0.12493951,83500
0.17571245,83600
0.17878425,83700
0.22251463,83800
0.13742447,83900
0.13004313,84000
0.22569154,84100
0.11374071,84200
0.4007892,84300
0.13203283,84400
0.14332055,84500
0.1710854,84600
0.14453873,84700
0.15961026,84800
0.28127047,84900
0.06575684,85000
0.13801348,85100
0.17685835,85200
0.19431439,85300
0.10226443,85400
0.3211426,85500
0.15726589,85600
0.26655373,85700
0.474092,85800
0.18557972,85900
0.15735026,86000
0.34162602,86100
0.09322551,86200
0.09269287,86300
0.08731463,86400
0.51155293,86500
0.16037096,86600
0.13709389,86700
0.08690643,86800
0.2414947,86900
0.07522958,87000
0.07622671,87100
0.07225241,87200
0.15076739,87300
0.10417894,87400
0.16342391,87500
0.103577815,87600
0.08448132,87700
0.19440985,87800
0.13761185,87900
0.16375029,88100
0.19110933,88200
0.13417767,88300
0.15783614,88400
0.30154705,88500
0.17211598,88600
0.08012958,88700
0.12800704,88800
0.1699199,88900
0.087153696,89000
0.27496448,89100
0.35351974,89200
0.13380945,89300
0.09383247,89400
0.13850154,89500
0.14844668,89600
0.2274341,89700
0.16375878,89800
0.12962382,89900
0.13225971,90000
0.12535213,90100
0.07644801,90200
0.10567685,90300
0.15949894,90400
0.12305138,90500
0.13977724,90600
0.11640715,90700
0.104896635,90800
0.14834344,90900
0.2599627,91000
0.34951738,91100
0.075125724,91200
0.17656541,91300
0.13224876,91400
0.32549727,91500
0.08769848,91600
0.0936532,91700
0.15145034,91800
0.1289256,91900
0.17466888,92000
0.077066846,92100
0.09641536,92200
0.19132093,92300
0.110954106,92400
0.10661786,92500
0.09210041,92600
0.26453456,92700
0.16102812,92800
0.15310732,92900
0.3895869,93000
0.20492277,93100
0.22141644,93200
0.11379783,93300
0.17971894,93400
0.1823849,93500
0.17748003,93600
0.121907435,93700
0.19347598,93800
0.28684467,93900
0.24216253,94000
0.06951421,94100
0.20025708,94200
0.06284572,94300
0.22455153,94400
0.06665673,94500
0.12340964,94600
0.056167632,94700
0.35709605,94800
0.136999,94900
0.111498535,95000
0.17178121,95100
0.0795521,95200
0.056546286,95300
0.08191531,95400
0.07797897,95500
0.16772588,95600
0.18917863,95700
0.09633495,95800
0.10689802,95900
0.059057493,96000
0.15255198,96100
0.110525295,96200
0.09818245,96300
0.08641389,96400
0.17616034,96500
0.10022807,96600
0.19275777,96700
0.16004415,96800
0.13498577,96900
0.12796293,97000
0.083713405,97100
0.060061235,97200
0.14037703,97300
0.17892571,97400
0.18170193,97500
0.11162562,97600
0.16144991,97700
0.09867084,97800
0.30473906,97900
0.04793959,98000
0.05831535,98100
0.15102994,98200
0.14938794,98300
0.08143717,98400
0.08988331,98500
0.11490017,98600
0.21265109,98700
0.33597413,98800
0.18306658,98900
0.07056839,99000
0.1526917,99100
0.152986,99200
0.12890519,99300
0.14195387,99400
0.27907124,99500
0.12847802,99600
0.20016634,99700
0.17955922,99800
0.1818404,99900
0.109421045,100000
0.17261605,100100
0.2147493,100200
0.24124587,100300
0.16139987,100400
0.11260617,100500
0.17738645,100600
0.14774637,100700
0.20715185,100800
0.14657514,100900
0.19063729,101000
0.11243215,101100
0.10026045,101200
0.14200018,101300
0.12922035,101400
0.14120786,101500
0.07525476,101600
0.25630665,101700
0.118794344,101800
0.30323607,101900
0.15296613,102000
0.19752066,102100
0.044667695,102200
0.24551181,102300
0.06692746,102400
0.12459847,102500
0.18113779,102600
0.03600361,102700
0.14602253,102800
0.050793167,102900
0.1349353,103000
0.13127743,103100
0.18100075,103200
0.21893352,103300
0.24098976,103400
0.13570648,103500
0.07607387,103600
0.05396833,103700
0.08077515,103800
0.15770407,103900
0.20842855,104000
0.27603504,104100
0.10117462,104200
0.13093936,104300
0.08901077,104400
0.07517046,104500
0.1305669,104600
0.2087086,104700
0.08101621,104800
0.124795966,104900
0.115792066,105000
0.2576101,105100
0.15972683,105200
0.06372959,105300
0.2099158,105400
0.21603659,105500
0.08292116,105600
0.13102782,105700
0.08992996,105800
0.056108348,105900
0.23043427,106000
0.07890776,106100
0.073379144,106200
0.24761851,106300
0.2159029,106400
0.25619963,106500
0.14185598,106600
0.059921972,106700
0.07219126,106800
0.18623206,106900
0.16105379,107000
0.13235477,107100
0.08887076,107200
0.1517978,107300
0.24424113,107400
0.06763617,107500
0.06261224,107600
0.28833917,107700
0.16572748,107800
0.093743026,107900
0.08839997,108000
0.09586958,108100
0.09661575,108200
0.09154822,108300
0.08581112,108400
0.08552861,108500
0.14018251,108600
0.08031269,108700
0.29218894,108800
0.078433655,108900
0.1107728,109000
0.07269077,109100
0.1397462,109200
0.26592815,109300
0.06974418,109400
0.08805672,109500
0.17175728,109600
0.27800146,109700
0.094678245,109800
0.264624,109900
0.4179278,110000
0.17605515,110100
0.041639484,110200
0.06508627,110300
0.10586417,110400
0.115356654,110500
0.17090036,110600
0.21157277,110700
0.0493358,110800
0.16538566,110900
0.15388328,111000
0.060764845,111100
0.13276443,111200
0.10385044,111300
0.11722152,111400
0.23347276,111500
0.07781371,111600
0.124752775,111700
0.15579815,111800
0.05363164,111900
0.043962117,112000
0.06171394,112100
0.132775,112200
0.06598213,112300
0.10134738,112400
0.07505069,112500
0.05174026,112600
0.12177796,112700
0.11364827,112800
0.22653879,112900
0.078634076,113000
0.07603096,113100
0.13106592,113200
0.20036817,113300
0.05695326,113400
0.09671961,113500
0.10715836,113600
0.14417651,113700
0.06820053,113800
0.09988319,113900
0.04035415,114000
0.1334184,114100
0.3098402,114200
0.33336553,114300
0.13337755,114400
0.085817814,114500
0.19943103,114600
0.22776975,114700
0.066899076,114800
0.097516984,114900
0.060396522,115000
0.13659203,115100
0.10744679,115200
0.074358895,115300
0.17861813,115400
0.13287172,115500
0.08634046,115600
0.21069695,115700
0.22364147,115800
0.12078438,115900
0.21826978,116000
0.268194,116100
0.10869663,116200
0.106423266,116300
0.09251076,116400
0.17591216,116500
0.06030965,116600
0.19209807,116700
0.086935565,116800
0.11214511,116900
0.18128334,117000
0.19024381,117100
0.107019395,117200
0.09419419,117300
0.13269296,117400
0.08790562,117500
0.08215984,117600
0.19964021,117700
0.05888288,117800
0.088664256,117900
0.08135702,118000
0.056721285,118100
0.13650097,118200
0.17872415,118300
0.08590407,118400
0.07982089,118500
0.12678045,118600
0.0784578,118700
0.16675551,118800
0.070009395,118900
0.06495407,119000
0.15949604,119100
0.2308921,119200
0.34296376,119300
0.23078927,119400
0.19309385,119500
0.12979622,119600
0.19920093,119700
0.067631766,119800
0.16729826,119900
0.0819234,120000
0.21736956,120100
0.07169554,120200
0.09520227,120300
0.1293796,120400
0.078204215,120500
0.08355869,120600
0.061029166,120700
0.14018495,120800
0.12368084,120900
0.09161742,121000
0.17755264,121100
0.11069634,121200
0.09419249,121300
0.13417313,121400
0.23453328,121500
0.0677089,121600
0.11691552,121700
0.14939089,121800
0.06536595,121900
0.06922748,122000
0.14602676,122100
0.13876887,122200
0.28170583,122300
0.26030406,122400
0.13054201,122500
0.09905812,122600
0.079512015,122700
0.09142572,122800
0.24017271,122900
0.12261093,123000
0.1806126,123100
0.16307329,123200
0.12711138,123300
0.085854515,123400
0.12538739,123500
0.28112346,123600
0.059001625,123700
0.15334116,123800
0.14360665,123900
0.053116366,124000
0.10277271,124100
0.13945076,124200
0.13214493,124300
0.16207074,124400
0.1808579,124500
0.087652415,124600
0.13784836,124700
0.1100422,124800
0.12229994,124900
0.109244406,125000
0.14308995,125100
0.072932,125200
0.09867349,125300
0.08011186,125400
0.101573184,125500
0.061370872,125600
0.06247501,125700
0.028371202,125800
0.16070698,125900
0.07502059,126000
0.041740958,126100
0.06427037,126200
0.07729835,126300
0.057827607,126400
0.051579945,126500
0.07383112,126600
0.24036899,126700
0.15794541,126800
0.10876311,126900
0.059000425,127000
0.07694122,127100
0.11599737,127200
0.1277473,127300
0.06770368,127400
0.12511097,127500
0.21685246,127600
0.06514968,127700
0.03946561,127800
0.10378972,127900
0.11376687,128000
0.12417524,128100
0.12868015,128200
0.14244477,128300
0.1702859,128400
0.27667606,128500
0.19819652,128600
0.10397194,128700
0.07551299,128800
0.28974733,128900
0.25418866,129000
0.08492137,129100
0.18163042,129200
0.08735957,129300
0.08256461,129400
0.09856029,129500
0.101773456,129600
0.14802444,129700
0.13616413,129800
0.06055423,129900
0.082574844,130000
0.086636886,130100
0.20102827,130200
0.28316158,130300
0.08194066,130400
0.16485879,130500
0.05476573,130600
0.14683694,130700
0.16531591,130800
0.074277945,130900
0.14694338,131000
0.09052328,131100
0.14071715,131200
0.20883195,131300
0.13156898,131400
0.1781716,131500
0.106461294,131600
0.09410811,131700
0.097648434,131800
0.08493265,131900
0.09174969,132000
0.07942238,132100
0.09739484,132200
0.04986651,132300
0.094456814,132400
0.032367818,132500
0.21354067,132600
0.09779188,132700
0.09664102,132800
0.05635861,132900
0.16627453,133000
0.08436516,133100
0.12543264,133200
0.1421937,133300
0.06592026,133400
0.17615788,133500
0.12528908,133600
0.10585088,133700
0.2259568,133800
0.042754404,133900
0.10877809,134000
0.059946623,134100
0.09224175,134200
0.06435495,134300
0.06966601,134400
0.1661966,134500
0.1322394,134600
0.063207865,134700
0.30686706,134800
0.088350534,134900
0.059441227,135000
0.07540004,135100
0.094504744,135200
0.20326738,135300
0.19846901,135400
0.032719065,135500
0.04727192,135600
0.069529675,135700
0.054124534,135800
0.07211585,135900
0.09956117,136000
0.05473311,136100
0.083772786,136200
0.15617687,136300
0.10373682,136400
0.06863782,136500
0.20549656,136600
0.12475545,136700
0.077221684,136800
0.06650806,136900
0.11621358,137000
0.134877,137100
0.10356524,137200
0.060604755,137300
0.08198365,137400
0.20696513,137500
0.111594185,137600
0.108730584,137700
0.11714897,137800
0.102923356,137900
0.056240633,138000
0.062276524,138100
0.051221773,138200
0.101719074,138300
0.10503609,138400
0.14712226,138500
0.12075331,138600
0.059181057,138700
0.08725589,138800
0.039050076,138900
0.0817557,139000
0.050789073,139100
0.05007346,139200
0.11845939,139300
0.26176137,139400
0.05749512,139500
0.12621078,139600
0.111159675,139700
0.10526786,139800
0.108280145,139900
0.20309949,140000
0.06912665,140100
0.07059827,140200
0.07434844,140300
0.05860509,140400
0.09063573,140500
0.11183067,140600
0.11719534,140700
0.15413663,140800
0.06383583,140900
0.054366216,141000
0.084241785,141100
0.088508226,141200
0.09022159,141300
0.056644503,141400
0.07095311,141500
0.042515665,141600
0.10579879,141700
0.1371324,141800
0.12562753,141900
0.15929797,142000
0.08497433,142100
0.032143548,142200
0.0936128,142300
0.36017552,142400
0.047229536,142500
0.04675715,142600
0.05155375,142700
0.10401378,142800
0.09346032,142900
0.0898077,143000
0.104451925,143100
0.344431,143200
0.10535969,143300
0.13890684,143400
0.12769204,143500
0.08805956,143600
0.07906732,143700
0.18187921,143800
0.04068279,143900
0.112852074,144000
0.1404051,144100
0.17707606,144200
0.22718917,144300
0.15809976,144400
0.060146615,144500
0.14997984,144600
0.108594924,144700
0.074169464,144800
0.095732465,144900
0.13116391,145000
0.16511163,145100
0.11928605,145200
0.074877255,145300
0.11314337,145400
0.091472805,145500
0.07645279,145600
0.12783912,145700
0.1580701,145800
0.07290554,145900
0.112350285,146000
0.13622428,146100
0.10197589,146200
0.059925035,146300
0.09635853,146400
0.10430651,146500
0.11023684,146600
0.17436348,146700
0.04973486,146800
0.08439185,146900
0.32618678,147000
0.09545581,147100
0.114458986,147200
0.18394274,147300
0.34566304,147400
0.08262725,147500
0.0922119,147600
0.089729525,147700
0.07400329,147800
0.048796255,147900
0.027484171,148000
0.11022977,148100
0.07554824,148200
0.06664444,148300
0.049426045,148400
0.07362092,148500
0.09161128,148600
0.043294895,148700
0.015337543,148800
0.085402116,148900
0.14589345,149000
0.06520907,149100
0.12924491,149200
0.075329594,149300
0.05806431,149400
0.06215403,149500
0.115285106,149600
0.042058263,149700
0.098586135,149800
0.17616856,149900
0.0780562,150000
0.10042829,150100
0.14779288,150200
0.050141174,150300
0.09508478,150400
0.14911704,150500
0.14608932,150600
0.14635296,150700
0.04738664,150800
0.052921128,150900
0.033856746,151000
0.070601344,151100
0.19235395,151200
0.097173125,151300
0.13632071,151400
0.22673102,151500
0.11963079,151600
0.31217784,151700
0.09373061,151800
0.1633693,151900
0.14898412,152000
0.07008647,152100
0.10613813,152200
0.049388994,152300
0.09824943,152400
0.108018994,152500
0.07748098,152600
0.06673744,152700
0.08809305,152800
0.062142413,152900
0.0855292,153000
0.13579647,153100
0.031454563,153200
0.10344728,153300
0.04133423,153400
0.08565461,153500
0.09402933,153600
0.056324948,153700
0.05984273,153800
0.10992855,153900
0.08196618,154100
0.087903135,154200
0.20071912,154300
0.13514669,154400
0.15335852,154500
0.08804387,154600
0.07684033,154700
0.20447761,154800
0.065761395,154900
0.039194435,155000
0.095405094,155100
0.08838701,155200
0.05458721,155300
0.036919583,155400
0.0801675,155500
0.10195156,155600
0.06870554,155700
0.10685415,155800
0.14478733,155900
0.07259945,156000
0.063770205,156100
0.061735712,156200
0.10476262,156300
0.052365307,156400
0.06522203,156500
0.11271703,156600
0.06674141,156700
0.12310244,156800
0.118432924,156900
0.027280988,157000
0.054862227,157100
0.07999574,157200
0.043556336,157300
0.0877446,157400
0.07161182,157500
0.0583866,157600
0.047545,157700
0.08939453,157800
0.023553621,157900
0.08338629,158000
0.1142832,158100
0.11629704,158200
0.09502426,158300
0.3565268,158400
0.06515989,158500
0.0692358,158600
0.07235073,158700
0.11230635,158800
0.17934176,158900
0.057161465,159000
0.047230195,159100
0.0658603,159200
0.072867475,159300
0.11962924,159400
0.06861177,159500
0.09567435,159600
0.13437897,159700
0.14616944,159800
0.094883345,159900
0.10395405,160000
0.17693236,160100
0.10253264,160200
0.07885625,160300
0.035385314,160400
0.092954166,160500
0.029469484,160600
0.11024801,160700
0.036145408,160800
0.061651994,160900
0.09885894,161000
0.07458551,161100
0.16803804,161200
0.07309592,161300
0.07961074,161400
0.050154578,161500
0.06523516,161600
0.07334045,161700
0.094255425,161800
0.098483145,161900
0.17465602,162000
0.11725885,162100
0.037720367,162200
0.16634718,162300
0.10489285,162400
0.08055767,162500
0.055845078,162600
0.1038107,162700
0.13733089,162800
0.035080377,162900
0.08414801,163000
0.1499633,163100
0.048116185,163200
0.1161324,163300
0.07151566,163400
0.13541676,163500
0.019044343,163600
0.09321732,163700
0.065816686,163800
0.08477153,163900
0.06098359,164000
0.08057633,164100
0.16321497,164200
0.27331573,164300
0.115495235,164400
0.15011847,164500
0.044019874,164600
0.15403467,164700
0.058199402,164800
0.10688362,164900
0.06084488,165000
0.078853935,165100
0.03506088,165200
0.13763414,165300
0.08685331,165400
0.06722897,165500
0.15422156,165600
0.14279298,165700
0.058087602,165800
0.07347005,165900
0.089671604,166000
0.09174487,166100
0.10325858,166200
0.06107741,166300
0.13143434,166400
0.13532747,166500
0.15701284,166600
0.16469078,166700
0.07660311,166800
0.1094001,166900
0.094117545,167000
0.06448119,167100
0.103835784,167200
0.024472404,167300
0.02869541,167400
0.06211009,167500
0.100181855,167600
0.16839986,167700
0.050672267,167800
0.07827264,167900
0.10217058,168000
0.061749108,168100
0.1136506,168200
0.078405924,168300
0.13680111,168400
0.063659415,168500
0.102287866,168600
0.10278019,168700
0.11012726,168800
0.09117899,168900
0.10327298,169000
0.18676654,169100
0.07621313,169200
0.10156912,169300
0.095831476,169400
0.04394189,169500
0.1339969,169600
0.048637696,169700
0.077701226,169800
0.08491464,169900
0.026653096,170000
0.040953115,170100
0.088380024,170200
0.08400807,170300
0.10692767,170400
0.06060685,170500
0.059584014,170600
0.06983452,170700
0.074413,170800
0.076717354,170900
0.06751576,171000
0.049877357,171100
0.081238404,171200
0.1206769,171300
0.26080236,171400
0.033828907,171500
0.09541815,171600
0.024731336,171700
0.162681,171800
0.08026147,171900
0.06031881,172000
0.05514664,172100
0.11771304,172200
0.09995278,172300
0.107583225,172400
0.05695879,172500
0.30177805,172600
0.09308571,172700
0.109358855,172800
0.06609727,172900
0.07721477,173000
0.14250718,173100
0.0968819,173200
0.11298207,173300
0.058466446,173400
0.04894583,173500
0.079582006,173600
0.05065264,173700
0.07839664,173800
0.044998158,173900
0.09594459,174000
0.07422284,174100
0.068751715,174200
0.17220514,174300
0.05524507,174400
0.08282601,174500
0.11141992,174600
0.07887179,174700
0.12294575,174800
0.07430342,174900
0.03444962,175000
0.09758571,175100
0.085209705,175200
0.036267012,175300
0.030485408,175400
0.1478518,175500
0.07707976,175600
0.06645357,175700
0.12191705,175800
0.06921179,175900
0.1067071,176100
0.1552033,176200
0.17563777,176300
0.18453996,176400
0.076833904,176500
0.09676294,176600
0.028449021,176700
0.038228273,176800
0.13267344,176900
0.15089071,177000
0.07430949,177100
0.061645973,177200
0.12761217,177300
0.06215707,177400
0.092938334,177500
0.089606695,177600
0.08761786,177700
0.054859452,177800
0.09488876,177900
0.08831906,178000
0.17925273,178100
0.11953563,178200
0.05378343,178300
0.05119236,178400
0.098553434,178500
0.09528324,178600
0.08219779,178700
0.16457845,178800
0.1076057,178900
0.045698497,179000
0.07991345,179100
0.051978614,179200
0.03672444,179300
0.05613289,179400
0.063134685,179500
0.054042738,179600
0.038171582,179700
0.046001114,179800
0.06772099,179900
0.17254034,180000
0.071572565,180100
0.1420929,180200
0.14735854,180300
0.23261379,180400
0.2588718,180500
0.098475285,180600
0.2480818,180700
0.12177491,180800
0.052655637,180900
0.23709957,181000
0.092206635,181100
0.078272276,181200
0.090807915,181300
0.062203936,181400
0.21017337,181500
0.14449702,181600
0.24611808,181700
0.15770182,181800
0.07283848,181900
0.08398343,182000
0.06563722,182100
0.08657277,182200
0.050448567,182300
0.054597277,182400
0.061891712,182500
0.092342384,182600
0.08788963,182700
0.05509191,182800
0.06300099,182900
0.07624146,183000
0.09211287,183100
0.23925656,183200
0.11869183,183300
0.08099842,183400
0.048407026,183500
0.087879665,183600
0.12289733,183700
0.06633397,183800
0.039532505,183900
0.18044902,184000
0.18165724,184100
0.08911838,184200
0.0797817,184300
0.061891366,184400
0.097360626,184500
0.07733629,184600
0.07266869,184700
0.072349235,184800
0.10588352,184900
0.042824447,185000
0.091820285,185100
0.032232292,185200
0.04620911,185300
0.2580559,185400
0.08335883,185500
0.12893254,185600
0.15251394,185700
0.05668239,185800
0.04666348,185900
0.1470017,186000
0.047345534,186100
0.063469484,186200
0.06375146,186300
0.13982314,186400
0.2794039,186500
0.03731057,186600
0.042125814,186700
0.038963515,186800
0.09988714,186900
0.08538118,187000
0.14600663,187100
0.06532808,187200
0.10073427,187300
0.02167879,187400
0.14200231,187500
0.13342644,187600
0.07593295,187700
0.11836921,187800
0.048749845,187900
0.1570556,188000
0.14524113,188100
0.11505215,188200
0.11529729,188300
0.07850348,188400
0.1313972,188500
0.030184899,188600
0.10172056,188700
0.06646227,188800
0.14806588,188900
0.04183273,189000
0.16673002,189100
0.062817715,189200
0.16146652,189300
0.13092585,189400
0.053780373,189500
0.0832128,189600
0.05237649,189700
0.1974195,189800
0.13599965,189900
0.039796602,190000
0.10021548,190100
0.04769069,190200
0.15055683,190300
0.06065148,190400
0.057739858,190500
0.16820475,190600
0.09879784,190700
0.093389265,190800
0.13145396,190900
0.31407884,191000
0.10391395,191100
0.11944196,191200
0.050976407,191300
0.12887783,191400
0.043952655,191500
0.04195364,191600
0.04347866,191700
0.056355745,191800
0.05691035,191900
0.084419556,192000
0.061155282,192100
0.081919596,192200
0.0834537,192300
0.2271567,192400
0.07595909,192500
0.08807298,192600
0.055174366,192700
0.09288915,192800
0.15408573,192900
0.11284322,193000
0.08171291,193100
0.09175109,193200
0.07060371,193300
0.13753791,193400
0.05665593,193500
0.20303646,193600
0.050325174,193700
0.24423085,193800
0.1397854,193900
0.07280979,194000
0.03402852,194100
0.050420236,194200
0.03955007,194300
0.056422994,194400
0.08751798,194500
0.14758438,194600
0.34203243,194700
0.25646457,194800
0.07731786,194900
0.06194216,195000
0.13395013,195100
0.09592516,195200
0.09981321,195300
0.078990266,195400
0.12820946,195500
0.0753899,195600
0.08577446,195700
0.040403813,195800
0.13308957,195900
0.19814791,196000
0.19328952,196100
0.10348178,196200
0.034887344,196300
0.09457265,196400
0.106384575,196500
0.07374197,196600
0.1888422,196700
0.13032453,196800
0.13424276,196900
0.06273396,197000
0.088419,197100
0.20377229,197200
0.06679099,197300
0.13682945,197400
0.1031238,197500
0.051750716,197600
0.0894873,197700
0.039665934,197800
0.20154019,197900
0.14302218,198100
0.08307949,198200
0.13371943,198300
0.09733854,198400
0.13344029,198500
0.059361886,198600
0.026588332,198700
0.060237415,198800
0.10652507,198900
0.06243358,199000
0.06586377,199100
0.051570237,199200
0.0687667,199300
0.052981485,199400
0.14258644,199500
0.11340444,199600
0.09160537,199700
0.07175232,199800
0.11954805,199900
0.09351004,200100
0.057429764,200200
0.0700473,200300
0.09006119,200400
0.093500584,200500
0.054556616,200600
0.06052728,200700
0.12288731,200800
0.13602848,200900
0.05345051,201000
0.15751429,201100
0.08288686,201200
0.2659354,201300
0.20274596,201400
0.101066686,201500
0.074790366,201600
0.03076288,201700
0.105314754,201800
0.089633405,201900
0.070228405,202000
0.07014527,202100
0.062292885,202200
0.06290023,202300
0.054065865,202400
0.051875744,202500
0.101213165,202600
0.16737637,202700
0.115709536,202800
0.03660688,202900
0.08250738,203000
0.090481564,203100
0.03909696,203200
0.047739875,203300
0.041672558,203400
0.009908846,203500
0.1382571,203600
0.046443563,203700
0.06667465,203800
0.047321644,203900
0.12103662,204000
0.08755354,204100
0.033176173,204200
0.0513749,204300
0.1021218,204400
0.22664492,204500
0.08621301,204600
0.12896271,204700
0.2426301,204800
0.18222588,204900
0.10751711,205000
0.35913226,205100
0.07611832,205200
0.10846778,205300
0.10262894,205400
0.06916652,205500
0.11238658,205600
0.037566274,205700
0.06444819,205800
0.11265716,205900
0.052742176,206000
0.097490825,206100
0.14065778,206200
0.10642746,206300
0.14111552,206400
0.081335165,206500
0.046363797,206600
0.05401628,206700
0.07329477,206800
0.052007835,206900
0.17365207,207000
0.048801683,207100
0.04688799,207200
0.124270886,207300
0.074089006,207400
0.048800867,207500
0.0715372,207600
0.04974318,207700
0.089494064,207800
0.082184836,207900
0.04695325,208000
0.1388549,208100
0.062351424,208200
0.08202268,208300
0.047450993,208400
0.031183578,208500
0.08497059,208600
0.103847,208700
0.06543115,208800
0.07114214,208900
0.06254395,209000
0.056544546,209100
0.032545913,209200
0.041805353,209300
0.070916444,209400
0.07105862,209500
0.06432958,209600
0.34072554,209700
0.07205197,209800
0.08391019,209900
0.18706046,210000
0.0404692,210100
0.12225095,210200
0.054108992,210300
0.07358033,210400
0.04771131,210500
0.202322,210600
0.034168825,210700
0.04714322,210800
0.023015248,210900
0.050043028,211000
0.100286536,211100
0.18679343,211200
0.16363277,211300
0.09851407,211400
0.18762887,211500
0.09606813,211600
0.09106322,211700
0.04797048,211800
0.081626475,211900
0.052161157,212000
0.13786842,212100
0.15214907,212200
0.106524915,212300
0.08656601,212400
0.11962294,212500
0.069641784,212600
0.12188527,212700
0.10817292,212800
0.0988461,212900
0.124236554,213000
0.10304178,213100
0.061451267,213200
0.08019203,213300
0.06806973,213400
0.13148451,213500
0.1371298,213600
0.047398053,213700
0.19424781,213800
0.08845861,213900
0.077733524,214000
0.082873285,214100
0.10432265,214200
0.06142166,214300
0.07598423,214400
0.065818556,214500
0.04423353,214600
0.059009712,214700
0.039077308,214800
0.06872354,214900
0.0964069,215000
0.06276674,215100
0.1894181,215200
0.061415654,215300
0.048764195,215400
0.14005578,215500
0.02884897,215600
0.09877659,215700
0.041191664,215800
0.09025984,215900
0.1117137,216000
0.09315805,216100
0.11031403,216200
0.0223899,216300
0.102549344,216400
0.07045825,216500
0.034367774,216600
0.09039728,216700
0.059320536,216800
0.048322774,216900
0.08722788,217000
0.046746384,217100
0.06655314,217200
0.05163312,217300
0.07033536,217400
0.07852904,217500
0.050141044,217600
0.06829743,217700
0.035237916,217800
0.10985404,217900
0.06183048,218000
0.07985561,218100
0.084620185,218200
0.1284597,218300
0.08497181,218400
0.2894284,218500
0.14527787,218600
0.06774201,218700
0.060976196,218800
0.056749385,218900
0.058795832,219000
0.048968438,219100
0.20210642,219200
0.09223637,219300
0.053011276,219400
0.10282353,219500
0.065727554,219600
0.15738128,219700
0.23151922,219800
0.07304066,219900
0.09529028,220000
0.03297716,220100
0.11912069,220200
0.061460022,220300
0.07079024,220400
0.14340322,220500
0.052962996,220600
0.046633568,220700
0.08796129,220800
0.068677016,220900
0.07175414,221000
0.03665968,221100
0.053065956,221200
0.104343995,221300
0.069624394,221400
0.121386014,221500
0.07586281,221600
0.04703246,221700
0.11128444,221800
0.12151717,221900
0.03396349,222100
0.07489113,222200
0.0982213,222300
0.07464084,222400
0.05297137,222500
0.06940545,222600
0.07063145,222700
0.058007345,222800
0.051505473,222900
0.053464383,223000
0.16584119,223100
0.05302222,223200
0.14396848,223300
0.046680424,223400
0.067518316,223500
0.060991444,223600
0.028579885,223700
0.0883413,223800
0.020694276,223900
0.053927254,224000
0.038296606,224100
0.07484944,224200
0.07862648,224300
0.11782573,224400
0.0725847,224500
0.07158999,224600
0.05392756,224700
0.064510785,224800
0.09792081,224900
0.048560806,225000
0.06329979,225100
0.13716634,225200
0.032447,225300
0.0964291,225400
0.042060357,225500
0.03222136,225600
0.08626341,225700
0.028361944,225800
0.04784967,225900
0.0742738,226000
0.051224172,226100
0.2187661,226200
0.067139916,226300
0.1515589,226400
0.11868696,226500
0.18077965,226600
0.09032732,226700
0.07772949,226800
0.15301125,226900
0.13050316,227000
0.13883002,227100
0.36949602,227200
0.08815442,227300
0.12722088,227400
0.029271925,227500
0.055947833,227600
0.18536842,227700
0.12770852,227800
0.046457596,227900
0.1536663,228000
0.09442999,228100
0.07494967,228200
0.12546685,228300
0.049168453,228400
0.10858316,228500
0.30104998,228600
0.20188352,228700
0.051743742,228800
0.08591784,228900
0.15980957,229000
0.15857942,229100
0.08052537,229200
0.04026393,229300
0.16647518,229400
0.058709193,229500
0.06644581,229600
0.048481114,229700
0.0738049,229800
0.10378569,229900
0.07793514,230000
0.15609597,230100
0.0615149,230200
0.037295505,230300
0.08733015,230400
0.054005697,230500
0.03866758,230600
0.047381185,230700
0.060806036,230800
0.049770188,230900
0.10323,231000
0.09856511,231100
0.05027025,231200
0.16759367,231300
0.056086972,231400
0.02642319,231500
0.026032181,231600
0.032720275,231700
0.026295288,231800
0.05516263,231900
0.07436981,232000
0.07968834,232100
0.14339584,232200
0.07328722,232300
0.04729982,232400
0.04310427,232500
0.04895273,232600
0.028258182,232700
0.026100662,232800
0.04649846,232900
0.1576729,233000
0.075759284,233100
0.19021867,233200
0.07934407,233300
0.14578709,233400
0.047044035,233500
0.058174133,233600
0.12538256,233700
0.1442822,233800
0.06916394,233900
0.05789671,234000
0.12784843,234100
0.16260415,234200
0.03459296,234300
0.044938013,234400
0.07335483,234500
0.08222237,234600
0.04066892,234700
0.23154375,234800
0.0450874,234900
0.069066904,235000
0.0985991,235100
0.040548086,235200
0.1048308,235300
0.2452996,235400
0.09431689,235500
0.09590328,235600
0.038117364,235700
0.12637362,235800
0.03733779,235900
0.05043265,236000
0.06304483,236100
0.05553176,236200
0.19730473,236300
0.186843,236400
0.067250356,236500
0.12328619,236600
0.08531354,236700
0.04272688,236800
0.07102298,236900
0.07210014,237000
0.06855336,237100
0.109688625,237200
0.08404214,237300
0.10550992,237400
0.050527602,237500
0.15920639,237600
0.069578364,237700
0.08749613,237800
0.04221026,237900
0.04853544,238000
0.08498169,238100
0.08342446,238200
0.07765606,238300
0.027755963,238400
0.059753254,238500
0.052334484,238600
0.052709192,238700
0.04067183,238800
0.07256139,238900
0.046301648,239000
0.12133756,239100
0.040856395,239200
0.0299523,239300
0.12650964,239400
0.17927602,239500
0.060169455,239600
0.07136464,239700
0.04997746,239800
0.041244768,239900
0.13352266,240000
0.037693646,240100
0.12014923,240200
0.05528191,240300
0.08562932,240400
0.061575472,240500
0.041258253,240600
0.14033923,240700
0.09043623,240800
0.039613243,240900
0.08075204,241000
0.075596005,241100
0.1457913,241200
0.082161196,241300
0.07059277,241400
0.120529674,241500
0.049584787,241600
0.064134225,241700
0.11349904,241800
0.045225415,241900
0.049855053,242000
0.1213475,242100
0.061873347,242200
0.08159172,242300
0.11730226,242400
0.0580187,242500
0.18132365,242600
0.056225244,242700
0.040380556,242800
0.05323149,242900
0.074211255,243000
0.17573021,243100
0.06391139,243200
0.21783073,243300
0.06564015,243400
0.07445776,243500
0.10448918,243600
0.04650941,243700
0.054115195,243800
0.07197499,243900
0.059732597,244100
0.06512798,244200
0.13193974,244300
0.091765255,244400
0.06441283,244500
0.071451016,244600
0.040831283,244700
0.023339082,244800
0.05516233,244900
0.17178269,245000
0.094148494,245100
0.061603006,245200
0.041141894,245300
0.077482626,245400
0.1002046,245500
0.15903324,245600
0.04025042,245700
0.112474896,245800
0.0735243,245900
0.04570044,246000
0.07645677,246100
0.10480479,246200
0.09277258,246300
0.03892539,246400
0.11099865,246500
0.058998916,246600
0.024488011,246700
0.057094987,246800
0.033841528,246900
0.0661646,247000
0.04067929,247100
0.06606815,247200
0.13839325,247300
0.036684737,247400
0.038405146,247500
0.0949335,247600
0.04923891,247700
0.1888841,247800
0.06724586,247900
0.058756832,248000
0.062230576,248100
0.18023601,248200
0.08211981,248300
0.0486916,248400
0.18462723,248500
0.103709504,248600
0.03234081,248700
0.062790684,248800
0.11300209,248900
0.07142229,249000
0.03421802,249100
0.05699473,249200
0.13885644,249300
0.07322626,249400
0.08171722,249500
0.15323392,249600
0.044066135,249700
0.15952687,249800
0.04409087,249900
0.107928805,250000
0.14054196,250100
0.0925365,250200
0.13019285,250300
0.06821468,250400
0.032404635,250500
0.032697473,250600
0.09095065,250700
0.03685815,250800
0.19584648,250900
0.03641238,251000
0.29148877,251100
0.032198906,251200
0.06862174,251300
0.08137516,251400
0.022298804,251500
0.10765982,251600
0.09793365,251700
0.034008518,251800
0.07813268,251900
0.09765612,252000
0.11745155,252100
0.041718513,252200
0.13176192,252300
0.11810197,252400
0.067650415,252500
0.044679947,252600
0.04758838,252700
0.03226605,252800
0.019544201,252900
0.0545028,253000
0.018253371,253100
0.12381731,253200
0.13747665,253300
0.06376911,253400
0.082086295,253500
0.050993454,253600
0.037167687,253700
0.1216013,253800
0.06715627,253900
0.022574225,254000
0.05662074,254100
0.06297712,254200
0.11124289,254300
0.0708062,254400
0.06596166,254500
0.034553815,254600
0.05986489,254700
0.074227646,254800
0.09914051,254900
0.048403084,255000
0.0572048,255100
0.3037757,255200
0.10756442,255300
0.08286397,255400
0.042322416,255500
0.123890676,255600
0.037939735,255700
0.24412572,255800
0.03383843,255900
0.17262419,256000
0.086482145,256100
0.03736072,256200
0.07194015,256300
0.1392584,256400
0.058931272,256500
0.2300995,256600
0.08786383,256700
0.14924908,256800
0.10812659,256900
0.13918146,257000
0.083968684,257100
0.17957889,257200
0.049431887,257300
0.33629036,257400
0.0547963,257500
0.06017271,257600
0.036060624,257700
0.023888016,257800
0.17836636,257900
0.025381243,258000
0.04172303,258100
0.12573557,258200
0.112485066,258300
0.032665204,258400
0.088679425,258500
0.08308268,258600
0.05205691,258700
0.11511747,258800
0.05575913,258900
0.21039975,259000
0.057802174,259100
0.047077045,259200
0.0659665,259300
0.024403473,259400
0.041692734,259500
0.028740685,259600
0.13159017,259700
0.0716992,259800
0.051445458,259900
0.05050344,260000
0.10128946,260100
0.27510995,260200
0.048177533,260300
0.108294144,260400
0.051727142,260500
0.11502411,260600
0.15623942,260700
0.05634803,260800
0.14419161,260900
0.04089403,261000
0.042539287,261100
0.07064275,261200
0.053817496,261300
0.122347936,261400
0.07389529,261500
0.060306244,261600
0.039633866,261700
0.04774449,261800
0.109059036,261900
0.057767548,262000
0.057112698,262100
0.11153388,262200
0.058673363,262300
0.0921221,262400
0.052517362,262500
0.0435217,262600
0.0652869,262700
0.032545704,262800
0.099588454,262900
0.16352266,263000
0.1344281,263100
0.07322743,263200
0.11207835,263300
0.11051715,263400
0.09724577,263500
0.20970023,263600
0.052737664,263700
0.05862528,263800
0.0743401,263900
0.40558428,264000
0.06552042,264100
0.07218777,264200
0.07237034,264300
0.0903786,264400
0.07031121,264500
0.06986836,264600
0.05854761,264700
0.07858182,264800
0.029810976,264900
0.075663306,265000
0.09168471,265100
0.07228734,265200
0.07506105,265300
0.0850031,265400
0.116119124,265500
0.120019756,265600
0.12799625,265700
0.03802403,265800
0.061056837,265900
0.044109434,266100
0.15227309,266200
0.15452011,266300
0.093219325,266400
0.09297492,266500
0.05996518,266600
0.037782926,266700
0.05971856,266800
0.025634535,266900
0.057159416,267000
0.038433846,267100
0.041011307,267200
0.061847813,267300
0.19279589,267400
0.12335934,267500
0.035429947,267600
0.063612305,267700
0.02820917,267800
0.096795365,267900
0.063475266,268000
0.07210815,268100
0.03267187,268200
0.036811836,268300
0.10573312,268400
0.05577651,268500
0.13271227,268600
0.0969894,268700
0.12195502,268800
0.074147396,268900
0.05770304,269000
0.14445937,269100
0.12815352,269200
0.054128975,269300
0.06824931,269400
0.04217128,269500
0.042316478,269600
0.04362068,269700
0.06651142,269800
0.053875975,269900
0.08458931,270000
0.114282526,270100
0.03198486,270200
0.16461734,270300
0.1303374,270400
0.038544815,270500
0.044147644,270600
0.08917181,270700
0.049262863,270800
0.13008177,270900
0.057436764,271000
0.07826302,271100
0.064638704,271200
0.17435652,271300
0.047667526,271400
0.0786648,271500
0.037896764,271600
0.07116154,271700
0.14512137,271800
0.08155198,271900
0.07604222,272000
0.26119888,272100
0.07381873,272200
0.06365459,272300
0.118630394,272400
0.13973959,272500
0.021254832,272600
0.050517853,272700
0.04174467,272800
0.027300112,272900
0.055112775,273000
0.070114374,273100
0.077025816,273200
0.12428943,273300
0.08793312,273400
0.042762335,273500
0.042270068,273600
0.06592184,273700
0.037220456,273800
0.06100689,273900
0.07537971,274000
0.09159226,274100
0.026664391,274200
0.21344185,274300
0.06480448,274400
0.031989537,274500
0.09330238,274600
0.0430847,274700
0.052352257,274800
0.07097526,274900
0.06975014,275000
0.052911248,275100
0.03826246,275200
0.049161572,275300
0.07776908,275400
0.23700687,275500
0.21777232,275600
0.10195483,275700
0.05622697,275800
0.16317625,275900
0.05062203,276000
0.051539555,276100
0.093205914,276200
0.031815667,276300
0.13702813,276400
0.045252655,276500
0.029912688,276600
0.022769304,276700
0.02258046,276800
0.07062549,276900
0.05246207,277000
0.04592743,277100
0.17249154,277200
0.15494986,277300
0.074099526,277400
0.039613694,277500
0.07355499,277600
0.051688664,277700
0.07600806,277800
0.08900431,277900
0.028454991,278000
0.04782954,278100
0.17438029,278200
0.056699265,278300
0.1448719,278400
0.3212862,278500
0.11570943,278600
0.08774976,278700
0.1482772,278800
0.056243893,278900
0.051315874,279000
0.069452144,279100
0.10556659,279200
0.06129685,279300
0.04083327,279400
0.1420322,279500
0.036381647,279600
0.32961556,279700
0.105686165,279800
0.06583378,279900
0.05578879,280000
0.05313804,280100
0.0594363,280200
0.15025276,280300
0.06344952,280400
0.06793222,280500
0.055890195,280600
0.11506314,280700
0.18331648,280800
0.037808318,280900
0.056064133,281000
0.06880913,281100
0.18054987,281200
0.0806434,281300
0.071049035,281400
0.032673307,281500
0.0742168,281600
0.0414016,281700
0.082125805,281800
0.09317802,281900
0.119913615,282000
0.063105136,282100
0.02444184,282200
0.023683947,282300
0.15052749,282400
0.023240384,282500
0.055642087,282600
0.040484723,282700
0.032994036,282800
0.081729636,282900
0.063733846,283000
0.034903232,283100
0.10312507,283200
0.02044543,283300
0.035041593,283400
0.051911656,283500
0.022891765,283600
0.14166805,283700
0.05359032,283800
0.10239932,283900
0.18577918,284000
0.06939032,284100
0.058209106,284200
0.08502044,284300
0.052358363,284400
0.060937926,284500
0.07923131,284600
0.061965015,284700
0.11277639,284800
0.11826991,284900
0.03644907,285000
0.07716893,285100
0.07121943,285200
0.121187866,285300
0.06425223,285400
0.057963394,285500
0.09558617,285600
0.073183075,285700
0.10017173,285800
0.04830131,285900
0.044863246,286000
0.051293597,286100
0.05890401,286200
0.13856348,286300
0.073504895,286400
0.085126,286500
0.060656276,286600
0.060805276,286700
0.08878927,286800
0.040507488,286900
0.09823559,287000
0.02282054,287100
0.06040722,287200
0.109433874,287300
0.048514068,287400
0.07464966,287500
0.088299796,287600
0.079077415,287700
0.12939125,287800
0.05477322,286100
0.0702292,286200
0.04807007,286300
0.08293814,286400
0.05546768,286500
0.024635702,286600
0.05532147,286700
0.112588376,286800
0.052827705,286900
0.0664669,287000
0.071958095,287100
0.031875532,287200
0.08041099,287300
0.08055253,287400
0.0816997,287500
0.06800606,287600
0.08392933,287700
0.04597468,287800
0.060363624,287900
0.06310718,288000
0.043148622,288100
0.06463143,288200
0.043071717,288300
0.069286205,288400
0.015793107,288500
0.022549093,288600
0.037879415,288700
0.040834747,288800
0.16110572,288900
0.044811603,289000
0.14283033,289100
0.023646189,289200
0.28321993,289300
0.048551887,289400
0.10187963,289500
0.040622532,289600
0.09076176,289700
0.09098904,289800
0.04564367,289900
0.035768867,290000
0.14614832,290100
0.1171075,290200
0.109193005,290300
0.05460624,290400
0.060579967,290500
0.05785425,290600
0.12225928,290700
0.023674278,290800
0.06267027,290900
0.06443626,291000
0.027073592,291100
0.0751278,291200
0.09179776,291300
0.21383834,291400
0.15420195,291500
0.034788854,291600
0.13359739,291700
0.14129058,291800
0.15488738,291900
0.09173181,292000
0.0232412,292100
0.046507306,292200
0.22374962,292300
0.06593914,292400
0.0607954,292500
0.023137141,292600
0.13965556,292700
0.08808325,292800
0.08958572,292900
0.15642199,293000
0.031480737,293100
0.09589049,293200
0.07937023,293300
0.10892502,293400
0.09631296,293500
0.19503313,293600
0.046917547,293700
0.038713418,293800
0.10790993,293900
0.07552529,294000
0.19993225,294100
0.059858214,294200
0.06734371,294300
0.092566915,294400
0.03721621,294500
0.029929966,294600
0.026274616,294700
0.06579545,294800
0.03950373,294900
0.097169094,295000
0.035289478,295100
0.046161048,295200
0.06283814,295300
0.04253592,295400
0.020575475,295500
0.037848208,295600
0.15864334,295700
0.05656568,295800
0.117582716,295900
0.18327564,296000
0.092325255,296100
0.07788679,296200
0.10875807,296300
0.033944283,296400
0.14365439,296500
0.018738652,296600
0.05838742,296700
0.10348509,296800
0.05216914,296900
0.07454046,297000
0.028633593,297100
0.03357351,297200
0.052000884,297300
0.14797764,297400
0.15628971,297500
0.04112991,297600
0.066663325,297700
0.21724814,297800
0.118518114,297900
0.08438588,298000
0.31324074,298100
0.08886253,298200
0.06097181,298300
0.06770412,298400
0.05043424,298500
0.07019836,298600
0.06284786,298700
0.07923746,298800
0.0694578,298900
0.11804774,299000
0.101881765,299100
0.037164066,299200
0.10062749,299300
0.069441035,299400
0.043127958,299500
0.122926824,299600
0.052108075,299700
0.13639449,299800
0.06469528,299900
0.05638997,300100
0.05063189,300200
0.17027912,300300
0.077284575,300400
0.055852223,300500
0.1049603,300600
0.11126673,300700
0.046791613,300800
0.040883113,300900
0.18208055,301000
0.03992747,301100
0.07198493,301200
0.1111513,301300
0.06041991,301400
0.06861662,301500
0.053201385,301600
0.03471557,301700
0.13997723,301800
0.080921456,301900
0.07601348,302000
0.17538889,302100
0.14231522,302200
0.076051705,302300
0.07672808,302400
0.12514655,302500
0.0327666,302600
0.027953546,302700
0.0645187,302800
0.0742394,302900
0.045372315,303000
0.04851545,303100
0.096977025,303200
0.03295249,303300
0.03316426,303400
0.09245395,303500
0.028184112,303600
0.054359872,303700
0.046776902,303800
0.13223612,303900
0.24050242,304000
0.095688075,304100
0.026242515,304200
0.11554954,304300
0.06697869,304400
0.03240128,304500
0.16220897,304600
0.09637812,304700
0.0660231,304800
0.043271136,304900
0.09832313,305000
0.04856928,305100
0.15612057,305200
0.04175759,305300
0.052936476,305400
0.07633927,305500
0.13048834,305600
0.06586175,305700
0.15018834,305800
0.04458936,305900
0.051846582,306000
0.07962049,306100
0.036735494,306200
0.07092961,306300
0.089107126,306400
0.120168775,306500
0.023529043,306600
0.06357824,306700
0.03648123,306800
0.19352874,306900
0.064579755,307000
0.057905454,307100
0.09104442,307200
0.055365022,307300
0.08216114,307400
0.019827435,307500
0.07735716,307600
0.0703371,307700
0.048122935,307800
0.04098749,307900
0.029625386,308000
0.05230356,308100
0.023719471,308200
0.04087243,308300
0.05334239,308400
0.16184883,308500
0.03241058,308600
0.039531395,308700
0.036222283,308800
0.05493826,308900
0.06400752,309000
0.04318831,309100
0.04429834,309200
0.13577233,309300
0.032953743,309400
0.08035822,309500
0.084204815,309600
0.036347397,309700
0.07410823,309800
0.033741053,309900
0.059697486,310000
0.027627928,310100
0.046202656,310200
0.043189634,310300
0.046897773,310400
0.029817738,310500
0.03761434,310600
0.05834622,310700
0.058086015,310800
0.09814791,310900
0.08837071,311000
0.09951385,311100
0.0840331,311200
0.045490347,311300
0.08392775,311400
0.06526529,311500
0.097898446,311600
0.018561715,311700
0.057999257,311800
0.04681429,311900
0.13053419,312000
0.06362347,312100
0.031611186,312200
0.123104624,312300
0.11836308,312400
0.09923707,312500
0.05401266,312600
0.100641005,312700
0.08617432,312800
0.2448973,312900
0.09425356,313000
0.05535879,313100
0.14962497,313200
0.125868,313300
0.031757914,313400
0.06448892,313500
0.044339433,313600
0.030179573,313700
0.028421327,313800
0.051043417,313900
0.07592096,314000
0.0463699,314100
0.080008514,314200
0.03815146,314300
0.053058736,314400
0.075726315,314500
0.093568474,314600
0.038522795,314700
0.018217135,314800
0.053920675,314900
0.1305,315000
0.05163269,315100
0.059988827,315200
0.061147686,315300
0.05980201,315400
0.034102336,315500
0.079592295,315600
0.051028486,315700
0.0978086,315800
0.049832657,315900
0.09611302,316000
0.08603759,316100
0.094098866,316200
0.04244475,316300
0.059346624,316400
0.10836182,316500
0.038933955,316600
0.036633182,316700
0.04654704,316800
0.076572016,316900
0.055853944,317000
0.1077837,317100
0.08967369,317200
0.023294989,317300
0.016437339,317400
0.04703747,317500
0.04572764,317600
0.054638892,317700
0.05726526,317800
0.111341804,317900
0.062480822,318000
0.058477677,318100
0.067165874,318200
0.13128212,318300
0.065386474,318400
0.09005777,318500
0.045796305,318600
0.07201669,318700
0.030150115,318800
0.094006956,318900
0.27091473,319000
0.079034016,319100
0.03176587,319200
0.06410364,319300
0.07229173,319400
0.24957871,319500
0.116702475,319600
0.058762383,319700
0.13026665,319800
0.029637115,319900
0.05981941,320000
0.14607793,320100
0.104183696,320200
0.045841977,320300
0.048282955,320400
0.042502806,320500
0.17217033,320600
0.028277481,320700
0.15450005,320800
0.057961103,320900
0.024948293,321000
0.057221152,321100
0.034586314,321200
0.04759909,321300
0.09606716,321400
0.05128779,321500
0.114720166,321600
0.087326236,321700
0.04511683,321800
0.07979852,321900
0.07178851,322100
0.042954464,322200
0.045871265,322300
0.057998184,322400
0.11373179,322500
0.090457164,322600
0.033017255,322700
0.1247266,322800
0.02374213,322900
0.14188461,323000
0.023955943,323100
0.055605102,323200
0.02623206,323300
0.05283106,323400
0.01760419,323500
0.027347196,323600
0.09832543,323700
0.13896327,323800
0.03515712,323900
0.09914418,324000
0.23828538,324100
0.061698824,324200
0.04689649,324300
0.15328455,324400
0.027703254,324500
0.046200432,324600
0.043544672,324700
0.088064685,324800
0.094943784,324900
0.038927544,325000
0.031970933,325100
0.043305136,325200
0.05163005,325300
0.10733229,325400
0.0450676,325500
0.10242589,325600
0.016906202,325700
0.1287298,325800
0.022717658,325900
0.0636146,326000
0.045583062,326100
0.30215806,326200
0.047417745,326300
0.06611798,326400
0.06327575,326500
0.049286626,326600
0.04608356,326700
0.038370274,326800
0.04803616,326900
0.06674396,327000
0.07692757,327100
0.24721731,327200
0.089057855,327300
0.045314193,327400
0.07633499,327500
0.03576637,327600
0.07300322,327700
0.07560747,327800
0.03494427,327900
0.043549743,328000
0.023885708,328100
0.12648834,328200
0.058352362,328300
0.09221054,328400
0.09744552,328500
0.062568374,328600
0.080292016,328700
0.10620958,328800
0.02579248,328900
0.062225435,329000
0.046306565,329100
0.05446928,329200
0.06984928,329300
0.03635342,329400
0.04911281,329500
0.07430527,329600
0.22716448,329700
0.066784576,329800
0.037292607,329900
0.086805835,330000
0.03120807,330100
0.061745696,330200
0.03851098,330300
0.07601006,330400
0.043789294,330500
0.03852154,330600
0.03800853,330700
0.060340222,330800
0.020063886,330900
0.07750895,331000
0.059139296,331100
0.058370497,331200
0.026314491,331300
0.048707735,331400
0.017352669,331500
0.059537664,331600
0.0639946,331700
0.09055608,331800
0.11755628,331900
0.05975393,332000
0.04085984,332100
0.03635715,332200
0.045898948,332300
0.08749079,332400
0.030366572,332500
0.045883786,332600
0.07366718,332700
0.07900354,332800
0.12073805,332900
0.18841869,333000
0.096311316,333100
0.12719674,333200
0.070318975,333300
0.06580749,333400
0.06268581,333500
0.037257507,333600
0.10073557,333700
0.057313494,333800
0.13214457,333900
0.026311934,334000
0.15294655,334100
0.032252207,334200
0.076893866,334300
0.13613372,334400
0.07881862,334500
0.05275834,334600
0.14031821,334700
0.17330788,334800
0.058802795,334900
0.026631137,335000
0.04417402,335100
0.099959135,335200
0.031782307,335300
0.07547861,335400
0.040661722,335500
0.0780728,335600
0.096115865,335700
0.03642134,335800
0.0700215,335900
0.053237323,336000
0.07571059,336100
0.038904645,336200
0.11052513,336300
0.08236649,336400
0.044832394,336500
0.08091073,336600
0.08624515,336700
0.042663757,336800
0.02338096,336900
0.055426266,337000
0.01181333,337100
0.03052309,337200
0.045911584,337300
0.046330124,337400
0.054442573,337500
0.047142997,337600
0.043385703,337700
0.03913589,337800
0.024296148,337900
0.04489258,338000
0.05678278,338100
0.110456616,338200
0.05609022,338300
0.026810732,338400
0.038966093,338500
0.041486572,338600
0.10432125,338700
0.07288441,338800
0.029932477,338900
0.054142702,339000
0.054128006,339100
0.1255756,339200
0.054797042,339300
0.041642785,339400
0.06168457,339500
0.055608187,339600
0.043128368,339700
0.06477111,339800
0.05552958,339900
0.05233618,340000
0.09416443,340100
0.08046106,340200
0.04786991,340300
0.1103134,340400
0.030081017,340500
0.04266834,340600
0.06308675,340700
0.17943999,340800
0.09887038,340900
0.17834611,341000
0.08980103,341100
0.09471456,341200
0.08199891,341300
0.0629674,341400
0.03331931,341500
0.1041914,341600
0.04880536,341700
0.061909035,341800
0.17994742,341900
0.077265814,342000
0.023036506,342100
0.08599005,342200
0.074182,342300
0.038692433,342400
0.17958555,342500
0.07775671,342600
0.0818992,342700
0.10039665,342800
0.080932274,342900
0.041019976,343000
0.08214051,343100
0.052256577,343200
0.031668257,343300
0.06274347,343400
0.017191084,343500
0.061206687,343600
0.037106205,343700
0.14883287,343800
0.03607556,343900
0.07052296,342100
0.11080214,342200
0.069780424,342300
0.042774662,342400
0.09700838,342500
0.04555856,342600
0.05325666,342700
0.11332707,342800
0.059716456,342900
0.031918097,343000
0.0477268,343100
0.06299581,343200
0.10352578,343300
0.04334693,343400
0.04629013,343500
0.02117671,343600
0.04836533,343700
0.027641667,343800
0.038094264,343900
0.08823578,344000
0.1746117,344100
0.10829832,344200
0.029677818,344300
0.017693698,344400
0.06925136,344500
0.033033255,344600
0.032532725,344700
0.17164508,344800
0.037383337,344900
0.079949945,345000
0.23725733,345100
0.117378645,345200
0.069512434,345300
0.07507877,345400
0.05516267,345500
0.05703961,345600
0.031212855,345700
0.060233183,345800
0.041467797,345900
0.021752222,346000
0.07208775,346100
0.321413,346200
0.1028648,346300
0.055961,346400
0.06644362,346500
0.08237013,346600
0.10401392,346700
0.098288484,346800
0.0828685,346900
0.03772094,347000
0.2701769,347100
0.13789204,347200
0.09757654,347300
0.08752671,347400
0.077621065,347500
0.11856106,347600
0.091989905,347700
0.015497159,347800
0.10132182,347900
0.044769563,348000
0.043421,348100
0.16919857,348200
0.070972115,348300
0.100349985,348400
0.04141129,348500
0.05675925,348600
0.038668815,348700
0.060157206,348800
0.15597789,348900
0.039128926,349000
0.038140513,349100
0.05007372,349200
0.031173507,349300
0.04826445,349400
0.046558034,349500
0.04098215,349600
0.097725235,349700
0.03401389,349800
0.03972849,349900
0.04592835,350000
0.058364496,350100
0.03758876,350200
0.07140411,350300
0.029293701,350400
0.047079377,350500
0.08417812,350600
0.03394987,350700
0.039317995,350800
0.08642199,350900
0.038153116,351000
0.042291857,351100
0.1082333,351200
0.043160677,351300
0.039647117,351400
0.065115504,351500
0.08273788,351600
0.08196364,351700
0.0345749,351800
0.31547993,351900
0.04404469,352000
0.053585738,352100
0.078900546,352200
0.13056736,352300
0.10537317,352400
0.051358316,352500
0.17233992,352600
0.08453848,352700
0.020032639,352800
0.04955247,352900
0.023909522,353000
0.0881272,353100
0.09852174,353200
0.017308451,353300
0.039681125,353400
0.039261382,353500
0.08730197,353600
0.063058436,353700
0.086592525,353800
0.12286469,353900
0.0685122,354000
0.11716935,354100
0.028920986,354200
0.045580763,354300
0.09480771,354400
0.05498229,354500
0.18198457,354600
0.04843042,354700
0.13586052,354800
0.10262336,354900
0.05742506,355000
0.0671183,355100
0.052360587,355200
0.115134336,355300
0.026521213,355400
0.12079486,355500
0.10008712,355600
0.038311306,355700
0.12601833,355800
0.07519099,355900
0.16618076,356000
0.037966922,356100
0.057025824,356200
0.038452297,356300
0.045470145,356400
0.088882595,356500
0.047517184,356600
0.11924783,356700
0.082348414,356800
0.024142647,356900
0.094232,357000
0.038001563,357100
0.045434788,357200
0.06854803,357300
0.150009,357400
0.055101294,357500
0.067593224,357600
0.06507735,357700
0.063371286,357800
0.074945554,357900
0.26649386,358000
0.03999934,358100
0.09561769,358200
0.026038421,358300
0.060108878,358400
0.09215495,358500
0.03315795,358600
0.08475985,358700
0.0189775,358800
0.046332672,358900
0.046945836,359000
0.042806063,359100
0.028715754,359200
0.09171521,359300
0.08009053,359400
0.035124626,359500
0.033604514,359600
0.033693817,359700
0.033802398,359800
0.0364609,359900
0.053314783,360000
0.032262187,360100
0.081123106,360200
0.07938693,360300
0.03612842,360400
0.101005614,360500
0.05804544,360600
0.06561177,360700
0.036517937,360800
0.10492313,360900
0.05807544,361000
0.06443586,361100
0.028145762,361200
0.10977233,361300
0.31470922,361400
0.07507569,361500
0.034343977,361600
0.09449748,361700
0.024253536,361800
0.1446772,361900
0.11807934,362000
0.04480239,362100
0.07218234,362200
0.05816168,362300
0.06027523,362400
0.042910572,362500
0.050423235,362600
0.034210093,362700
0.10430965,362800
0.034002274,362900
0.034804996,363000
0.027639642,363100
0.071923025,363200
0.07760197,363300
0.046436984,363400
0.032199785,363500
0.08846465,363600
0.11353738,363700
0.028186174,363800
0.07924882,363900
0.050271064,362100
0.042969216,362200
0.055337947,362300
0.06488111,362400
0.06396054,362500
0.119258955,362600
0.04206834,362700
0.042034294,362800
0.029289305,362900
0.0419259,363000
0.063945875,363100
0.042175144,363200
0.06373854,363300
0.036940467,363400
0.070279084,363500
0.04992191,363600
0.10642158,363700
0.044593025,363800
0.059735533,363900
0.08794167,364000
0.06100177,364100
0.024920665,364200
0.05266644,364300
0.022369998,364400
0.04020323,364500
0.03370356,364600
0.100124255,364700
0.058262628,364800
0.09611572,364900
0.04826907,365000
0.033745475,365100
0.27366093,365200
0.18120316,365300
0.054466035,365400
0.04545322,365500
0.252269,365600
0.025175873,365700
0.03070996,365800
0.06722031,365900
0.03366879,366000
0.12219937,366100
0.020457853,366200
0.053451132,366300
0.1269492,366400
0.034976784,366500
0.029485803,366600
0.06922175,366700
0.035585262,366800
0.095257975,366900
0.07176731,367000
0.12160514,367100
0.07626961,367200
0.09692707,367300
0.03706877,367400
0.03377485,367500
0.055358417,367600
0.07237929,367700
0.08571009,367800
0.022220394,367900
0.028426066,368000
0.09582055,368100
0.03537471,368200
0.049844697,368300
0.08398052,368400
0.04911868,368500
0.04394605,368600
0.04395489,368700
0.06266467,368800
0.018689033,368900
0.061598163,369000
0.061065406,369100
0.038454935,369200
0.0446537,369300
0.07788657,369400
0.046814386,369500
0.043170318,369600
0.037984855,369700
0.04404846,369800
0.024820019,369900
0.066511564,370000
0.035183813,370100
0.13109544,370200
0.045591988,370300
0.025556983,370400
0.042582195,370500
0.05879982,370600
0.053984385,370700
0.07141492,370800
0.027736824,370900
0.062773265,371000
0.018644638,371100
0.052981086,371200
0.055255886,371300
0.040135033,371400
0.040530983,371500
0.107337564,371600
0.06945824,371700
0.06005545,371800
0.049902327,371900
0.03664312,372000
0.04793421,372100
0.039991267,372200
0.038310815,372300
0.06965417,372400
0.06547344,372500
0.028708322,372600
0.06282514,372700
0.043710772,372800
0.08358394,372900
0.06364683,373000
0.074910164,373100
0.102717936,373200
0.057887122,373300
0.21198738,373400
0.11299556,373500
0.18090536,373600
0.026833793,373700
0.06304208,373800
0.23899184,373900
0.09697375,374000
0.102062024,374100
0.0594447,374200
0.051995445,374300
0.12941535,374400
0.058958083,374500
0.04702872,374600
0.034529116,374700
0.0658999,374800
0.07365913,374900
0.022743689,375000
0.028487263,375100
0.058777336,375200
0.1215898,375300
0.08713828,375400
0.02937527,375500
0.07698051,375600
0.028893888,375700
0.037213393,375800
0.015863104,375900
0.07335325,376000
0.039377965,376100
0.085512124,376200
0.039954573,376300
0.028727746,376400
0.093289696,376500
0.051978704,376600
0.06910305,376700
0.08919205,376800
0.014906453,376900
0.07461023,377000
0.3047279,377100
0.046281658,377200
0.03815444,377300
0.055541947,377400
0.051957015,377500
0.0750979,377600
0.038942814,377700
0.03553735,377800
0.083871715,377900
0.06657139,378000
0.18657915,378100
0.028086465,378200
0.03982146,378300
0.028590966,378400
0.05549677,378500
0.05881162,378600
0.03115871,378700
0.037330914,378800
0.102266945,378900
0.17997728,379000
0.06231373,379100
0.17182802,379200
0.06587014,379300
0.027686253,379400
0.017085122,379500
0.039923754,379600
0.038512863,379700
0.046027504,379800
0.021255316,379900
0.023574485,380000
0.11011788,380100
0.025566705,380200
0.042476654,380300
0.08772708,380400
0.08807455,380500
0.021016782,380600
0.09642866,380700
0.02770473,380800
0.025879666,380900
0.030038606,381000
0.073718615,381100
0.094546445,381200
0.030764027,381300
0.16166624,381400
0.136352,381500
0.07960267,381600
0.09493809,381700
0.07569988,381800
0.07807124,381900
0.04380578,382000
0.12926757,382100
0.045110643,382200
0.02787085,382300
0.09002729,382400
0.048615865,382500
0.064088956,382600
0.13933037,382700
0.05295933,382800
0.018732809,382900
0.22657637,383000
0.032411113,383100
0.048834007,383200
0.07380799,383300
0.07610839,383400
0.100528024,383500
0.06511381,383600
0.15297,383700
0.04276546,382100
0.0394321,382200
0.040376972,382300
0.042686775,382400
0.022937384,382500
0.07310806,382600
0.023630181,382700
0.14183612,382800
0.04361955,382900
0.04523476,383000
0.052350026,383100
0.05261004,383200
0.054376073,383300
0.04177515,383400
0.060561936,383500
0.017025732,383600
0.034722026,383700
0.0574375,383800
0.050603244,383900
0.06870399,384000
0.048714265,384100
0.03374508,384200
0.06619993,384300
0.04645621,384400
0.068792306,384500
0.057695173,384600
0.04304756,384700
0.03745424,384800
0.053677034,384900
0.02263284,385000
0.04425349,385100
0.06860388,385200
0.11556777,385300
0.09011959,385400
0.05498389,385500
0.13131021,385600
0.046910588,385700
0.10498736,385800
0.071668044,385900
0.050674785,386000
0.11928449,386100
0.06344799,386200
0.21406563,386300
0.02971289,386400
0.04855167,386500
0.051921003,386600
0.048227344,386700
0.04365426,386800
0.071035154,386900
0.044021007,387000
0.06403466,387100
0.042946763,387200
0.055388674,387300
0.03294459,387400
0.021302026,387500
0.11286697,387600
0.052744508,387700
0.0726235,387800
0.1081881,387900
0.026379803,388000
0.064795256,388100
0.038310573,388200
0.05381452,388300
0.064739354,388400
0.030990276,388500
0.104107246,388600
0.036698677,388700
0.030238332,388800
0.071126826,388900
0.078101225,389000
0.043645922,389100
0.078683406,389200
0.11365405,389300
0.033082373,389400
0.0609155,389500
0.08510662,389600
0.0569309,389700
0.09402289,389800
0.050170437,389900
0.0427384,390000
0.072297215,390100
0.13648413,390200
0.053614967,390300
0.03887758,390400
0.05227158,390500
0.03237418,390600
0.034903824,390700
0.093975104,390800
0.034378573,390900
0.038049124,391000
0.070605144,391100
0.03402079,391200
0.03997987,391300
0.02880586,391400
0.03637604,391500
0.069506414,391600
0.04086036,391700
0.08633943,391800
0.06773233,391900
0.04763258,392000
0.018513052,392100
0.051310383,392200
0.039922457,392300
0.022505192,392400
0.050098088,392500
0.03793253,392600
0.18809266,392700
0.11400171,392800
0.035049405,392900
0.1718452,393000
0.05394564,393100
0.13491772,393200
0.026048869,393300
0.17684554,393400
0.09853684,393500
0.06658975,393600
0.16764903,393700
0.061093576,393800
0.033897858,393900
0.045437224,394000
0.06725815,394100
0.020593062,394200
0.048277352,394300
0.09323166,394400
0.059607573,394500
0.07806461,394600
0.118794575,394700
0.10549816,394800
0.052112136,394900
0.1261162,395000
0.06308937,395100
0.020950805,395200
0.049167264,395300
0.05913446,395400
0.02455023,395500
0.037122726,395600
0.054618407,395700
0.053945404,395800
0.0627249,395900
0.053197898,396000
0.027292755,396100
0.02509903,396200
0.037393205,396300
0.053548723,396400
0.030215945,396500
0.088373125,396600
0.05003139,396700
0.033219818,396800
0.059575472,396900
0.03819463,397000
0.055912606,397100
0.086189136,397200
0.09043433,397300
0.04014483,397400
0.11570634,397500
0.045846894,397600
0.01709943,397700
0.035526525,397800
0.04879403,397900
0.04240099,398000
0.07238877,398100
0.01695302,398200
0.022943266,398300
0.031596273,398400
0.06461082,398500
0.049287952,398600
0.043417282,398700
0.020872544,398800
0.057754576,398900
0.058330175,399000
0.2772223,399100
0.08305952,399200
0.014532459,399300
0.02936731,399400
0.074581474,399500
0.06072073,399600
0.028100103,399700
0.047294557,399800
0.12791735,399900
